"Title","URL","Description","Details"
"JASPAR 2020: update of the open-access database of transcription factor binding profiles.","/pubmed/31701148","Fornes O, Castro-Mondragon JA, Khan A, van der Lee R, Zhang X, Richmond PA, Modi BP, Correard S, Gheorghe M, Baranašić D, Santana-Garcia W, Tan G, Chèneby J, Ballester B, Parcy F, Sandelin A, Lenhard B, Wasserman WW, Mathelier A.","Nucleic Acids Res. 2020 Jan 8;48(D1):D87-D92. doi: 10.1093/nar/gkz1001."
"TFEA.ChIP: a tool kit for transcription factor binding site enrichment analysis capitalizing on ChIP-seq datasets.","/pubmed/31347689","Puente-Santamaria L, Wasserman WW, Del Peso L.","Bioinformatics. 2019 Dec 15;35(24):5339-5340. doi: 10.1093/bioinformatics/btz573."
"Strabismus in Children With Intellectual Disability: Part of a Broader Motor Control Phenotype?","/pubmed/31492586","Ye XC, van der Lee R, Wasserman WW, Causes Study, Friedman JM, Lehman A.","Pediatr Neurol. 2019 Nov;100:87-91. doi: 10.1016/j.pediatrneurol.2019.04.002. Epub 2019 Apr 11."
"Identification of novel cerebellar developmental transcriptional regulators with motif activity analysis.","/pubmed/31533632","Ha TJ, Zhang PGY, Robert R, Yeung J, Swanson DJ, Mathelier A, Wasserman WW, Im S, Itoh M, Kawaji H, Lassmann T, Daub CO, Arner E; FANTOM Consortium., Carninci P, Hayashizaki Y, Forrest ARR, Goldowitz D.","BMC Genomics. 2019 Sep 18;20(1):718. doi: 10.1186/s12864-019-6063-9."
"Bi-allelic GOT2 Mutations Cause a Treatable Malate-Aspartate Shuttle-Related Encephalopathy.","/pubmed/31422819","van Karnebeek CDM, Ramos RJ, Wen XY, Tarailo-Graovac M, Gleeson JG, Skrypnyk C, Brand-Arzamendi K, Karbassi F, Issa MY, van der Lee R, Drögemöller BI, Koster J, Rousseau J, Campeau PM, Wang Y, Cao F, Li M, Ruiter J, Ciapaite J, Kluijtmans LAJ, Willemsen MAAP, Jans JJ, et al.","Am J Hum Genet. 2019 Sep 5;105(3):534-548. doi: 10.1016/j.ajhg.2019.07.015. Epub 2019 Aug 15."
"Gene expression models based on transcription factor binding events confer insight into functional cis-regulatory variants.","/pubmed/30541050","Shi W, Fornes O, Wasserman WW.","Bioinformatics. 2019 Aug 1;35(15):2610-2617. doi: 10.1093/bioinformatics/bty992."
"Introduction to Genomic Analysis Workshop: A catalyst for engaging life-science researchers in high throughput analysis.","/pubmed/31602299","Richmond PA, Wasserman WW.","F1000Res. 2019 Jul 30;8:1221. doi: 10.12688/f1000research.19320.1. eCollection 2019."
"Atypical cerebral palsy: genomics analysis enables precision medicine.","/pubmed/30542205","Matthews AM, Blydt-Hansen I, Al-Jabri B, Andersen J, Tarailo-Graovac M, Price M, Selby K, Demos M, Connolly M, Drögemoller B, Shyr C, Mwenifumbo J, Elliott AM, Lee J, Ghani A, Stöckler S, Salvarinova R, Vallance H, Sinclair G, Ross CJ, Wasserman WW, McKinnon ML, et al.","Genet Med. 2019 Jul;21(7):1621-1628. doi: 10.1038/s41436-018-0376-y. Epub 2018 Dec 13."
"Curation and bioinformatic analysis of strabismus genes supports functional heterogeneity and proposes candidate genes with connections to RASopathies.","/pubmed/30772522","Ye XC, van der Lee R, Wasserman WW.","Gene. 2019 May 20;697:213-226. doi: 10.1016/j.gene.2019.02.020. Epub 2019 Feb 15."
"Glutaminase Deficiency Caused by Short Tandem Repeat Expansion in GLS.","/pubmed/30970188","van Kuilenburg ABP, Tarailo-Graovac M, Richmond PA, Drögemöller BI, Pouladi MA, Leen R, Brand-Arzamendi K, Dobritzsch D, Dolzhenko E, Eberle MA, Hayward B, Jones MJ, Karbassi F, Kobor MS, Koster J, Kumari D, Li M, MacIsaac J, McDonald C, Meijer J, Nguyen C, Rajan-Babu IS, et al.","N Engl J Med. 2019 Apr 11;380(15):1433-1441. doi: 10.1056/NEJMoa1806627."
"Twenty-Seven Tamoxifen-Inducible iCre-Driver Mouse Strains for Eye and Brain, Including Seventeen Carrying a New Inducible-First Constitutive-Ready Allele.","/pubmed/30765420","Korecki AJ, Hickmott JW, Lam SL, Dreolini L, Mathelier A, Baker O, Kuehne C, Bonaguro RJ, Smith J, Tan CV, Zhou M, Goldowitz D, Deussing JM, Stewart AF, Wasserman WW, Holt RA, Simpson EM.","Genetics. 2019 Apr;211(4):1155-1177. doi: 10.1534/genetics.119.301984. Epub 2019 Feb 14."
"PLPHP deficiency: clinical, genetic, biochemical, and mechanistic insights.","/pubmed/30668673","Johnstone DL, Al-Shekaili HH, Tarailo-Graovac M, Wolf NI, Ivy AS, Demarest S, Roussel Y, Ciapaite J, van Roermund CWT, Kernohan KD, Kosuta C, Ban K, Ito Y, McBride S, Al-Thihli K, Abdelrahim RA, Koul R, Al Futaisi A, Haaxma CA, Olson H, Sigurdardottir LY, Arnold GL, et al.","Brain. 2019 Mar 1;142(3):542-559. doi: 10.1093/brain/awy346."
"New MiniPromoter Ple345 (NEFL) Drives Strong and Specific Expression in Retinal Ganglion Cells of Mouse and Primate Retina.","/pubmed/30062914","Simpson EM, Korecki AJ, Fornes O, McGill TJ, Cueva-Vargas JL, Agostinone J, Farkas RA, Hickmott JW, Lam SL, Mathelier A, Renner LM, Stoddard J, Zhou M, Di Polo A, Neuringer M, Wasserman WW.","Hum Gene Ther. 2019 Mar;30(3):257-272. doi: 10.1089/hum.2018.118. Epub 2018 Oct 2."
"Development and user evaluation of a rare disease gene prioritization workflow based on cognitive ergonomics.","/pubmed/30535356","Lee JJY, van Karnebeek CDM, Wasserman WW.","J Am Med Inform Assoc. 2019 Feb 1;26(2):124-133. doi: 10.1093/jamia/ocy153."
"Sialic acid catabolism by N-acetylneuraminate pyruvate lyase is essential for muscle function.","/pubmed/30568043","Wen XY, Tarailo-Graovac M, Brand-Arzamendi K, Willems A, Rakic B, Huijben K, Da Silva A, Pan X, El-Rass S, Ng R, Selby K, Philip AM, Yun J, Ye XC, Ross CJ, Lehman AM, Zijlstra F, Abu Bakar N, Drögemöller B, Moreland J, Wasserman WW, Vallance H, et al.","JCI Insight. 2018 Dec 20;3(24). pii: 122373. doi: 10.1172/jci.insight.122373."
"c-Myc is a novel Leishmania virulence factor by proxy that targets the host miRNA system and is essential for survival in human macrophages.","/pubmed/29934305","Colineau L, Lambertz U, Fornes O, Wasserman WW, Reiner NE.","J Biol Chem. 2018 Aug 17;293(33):12805-12819. doi: 10.1074/jbc.RA118.002462. Epub 2018 Jun 22."
"Human Enhancers Harboring Specific Sequence Composition, Activity, and Genome Organization Are Linked to the Immune Response.","/pubmed/29871881","Lecellier CH, Wasserman WW, Mathelier A.","Genetics. 2018 Aug;209(4):1055-1071. doi: 10.1534/genetics.118.301116. Epub 2018 Jun 5."
"Gain-of-function KCNJ6 Mutation in a Severe Hyperkinetic Movement Disorder Phenotype.","/pubmed/29852244","Horvath GA, Zhao Y, Tarailo-Graovac M, Boelman C, Gill H, Shyr C, Lee J, Blydt-Hansen I, Drögemöller BI, Moreland J, Ross CJ, Wasserman WW, Masotti A, Slesinger PA, van Karnebeek CDM.","Neuroscience. 2018 Aug 1;384:152-164. doi: 10.1016/j.neuroscience.2018.05.031. Epub 2018 May 29."
"MANTA2, update of the Mongo database for the analysis of transcription factor binding site alterations.","/pubmed/30040077","Fornes O, Gheorghe M, Richmond PA, Arenillas DJ, Wasserman WW, Mathelier A.","Sci Data. 2018 Jul 24;5:180141. doi: 10.1038/sdata.2018.141."
"Genome sequencing reveals a novel genetic mechanism underlying dihydropyrimidine dehydrogenase deficiency: A novel missense variant c.1700G>A and a large intragenic inversion in DPYD spanning intron 8 to intron 12.","/pubmed/29691939","van Kuilenburg ABP, Tarailo-Graovac M, Meijer J, Drogemoller B, Vockley J, Maurer D, Dobritzsch D, Ross CJ, Wasserman W, Meinsma R, Zoetekouw L, van Karnebeek CDM.","Hum Mutat. 2018 Jul;39(7):947-953. doi: 10.1002/humu.23538. Epub 2018 May 10."
"Interfaces of Malignant and Immunologic Clonal Dynamics in Ovarian Cancer.","/pubmed/29754820","Zhang AW, McPherson A, Milne K, Kroeger DR, Hamilton PT, Miranda A, Funnell T, Little N, de Souza CPE, Laan S, LeDoux S, Cochrane DR, Lim JLP, Yang W, Roth A, Smith MA, Ho J, Tse K, Zeng T, Shlafman I, Mayo MR, Moore R, et al.","Cell. 2018 Jun 14;173(7):1755-1769.e22. doi: 10.1016/j.cell.2018.03.073. Epub 2018 May 10."
"Genome-wide prediction of cis-regulatory regions using supervised deep learning methods.","/pubmed/29855387","Li Y, Shi W, Wasserman WW.","BMC Bioinformatics. 2018 May 31;19(1):202. doi: 10.1186/s12859-018-2187-1."
"Integration of genomics and metabolomics for prioritization of rare disease variants: a 2018 literature review.","/pubmed/29721916","Graham E, Lee J, Price M, Tarailo-Graovac M, Matthews A, Engelke U, Tang J, Kluijtmans LAJ, Wevers RA, Wasserman WW, van Karnebeek CDM, Mostafavi S.","J Inherit Metab Dis. 2018 May;41(3):435-445. doi: 10.1007/s10545-018-0139-6. Epub 2018 May 2. Review."
"The role of the clinician in the multi-omics era: are you ready?","/pubmed/29362952","van Karnebeek CDM, Wortmann SB, Tarailo-Graovac M, Langeveld M, Ferreira CR, van de Kamp JM, Hollak CE, Wasserman WW, Waterham HR, Wevers RA, Haack TB, Wanders RJA, Boycott KM.","J Inherit Metab Dis. 2018 May;41(3):571-582. doi: 10.1007/s10545-017-0128-1. Epub 2018 Jan 23."
"Text-based phenotypic profiles incorporating biochemical phenotypes of inborn errors of metabolism improve phenomics-based diagnosis.","/pubmed/29340838","Lee JJY, Gottlieb MM, Lever J, Jones SJM, Blau N, van Karnebeek CDM, Wasserman WW.","J Inherit Metab Dis. 2018 May;41(3):555-562. doi: 10.1007/s10545-017-0125-4. Epub 2018 Jan 16."
"Bone health and SATB2-associated syndrome.","/pubmed/28787087","Zarate YA, Steinraths M, Matthews A, Smith WE, Sun A, Wilson LC, Brain C, Allgove J, Jacobs B, Fish JL, Powell CM, Wasserman WW, van Karnebeek CD, Wakeling EL, Ma NS.","Clin Genet. 2018 Mar;93(3):588-594. doi: 10.1111/cge.13121. Epub 2017 Dec 27. Review."
"The SIN3A histone deacetylase complex is required for a complete transcriptional response to hypoxia.","/pubmed/29059365","Tiana M, Acosta-Iborra B, Puente-Santamaría L, Hernansanz-Agustin P, Worsley-Hunt R, Masson N, García-Rio F, Mole D, Ratcliffe P, Wasserman WW, Jimenez B, Del Peso L.","Nucleic Acids Res. 2018 Jan 9;46(1):120-133. doi: 10.1093/nar/gkx951."
"JASPAR 2018: update of the open-access database of transcription factor binding profiles and its web framework.","/pubmed/29161433","Khan A, Fornes O, Stigliani A, Gheorghe M, Castro-Mondragon JA, van der Lee R, Bessy A, Chèneby J, Kulkarni SR, Tan G, Baranasic D, Arenillas DJ, Sandelin A, Vandepoele K, Lenhard B, Ballester B, Wasserman WW, Parcy F, Mathelier A.","Nucleic Acids Res. 2018 Jan 4;46(D1):D1284. doi: 10.1093/nar/gkx1188. No abstract available. "
"JASPAR 2018: update of the open-access database of transcription factor binding profiles and its web framework.","/pubmed/29140473","Khan A, Fornes O, Stigliani A, Gheorghe M, Castro-Mondragon JA, van der Lee R, Bessy A, Chèneby J, Kulkarni SR, Tan G, Baranasic D, Arenillas DJ, Sandelin A, Vandepoele K, Lenhard B, Ballester B, Wasserman WW, Parcy F, Mathelier A.","Nucleic Acids Res. 2018 Jan 4;46(D1):D260-D266. doi: 10.1093/nar/gkx1126. Erratum in: Nucleic Acids Res. 2018 Jan 4;46(D1):D1284. "
"Knowledge base and mini-expert platform for the diagnosis of inborn errors of metabolism.","/pubmed/28726811","Lee JJY, Wasserman WW, Hoffmann GF, van Karnebeek CDM, Blau N.","Genet Med. 2018 Jan;20(1):151-158. doi: 10.1038/gim.2017.108. Epub 2017 Jul 20."
"Improvement of Self-Injury With Dopamine and Serotonin Replacement Therapy in a Patient With a Hemizygous PAK3 Mutation: A New Therapeutic Strategy for Neuropsychiatric Features of an Intellectual Disability Syndrome.","/pubmed/29246092","Horvath GA, Tarailo-Graovac M, Bartel T, Race S, Van Allen MI, Blydt-Hansen I, Ross CJ, Wasserman WW, Connolly MB, van Karnebeek CDM.","J Child Neurol. 2018 Jan;33(1):106-113. doi: 10.1177/0883073817740443."
"Computational Analysis of Transcriptional Regulation Sites at the HTT Gene Locus.","/pubmed/30103339","De Souza RAG, Kosior N, Thomson SB, Mathelier A, Zhang AW, Bečanović K, Wasserman WW, Leavitt BR.","J Huntingtons Dis. 2018;7(3):223-237. doi: 10.3233/JHD-170272."
"The genotypic and phenotypic spectrum of MTO1 deficiency.","/pubmed/29331171","O'Byrne JJ, Tarailo-Graovac M, Ghani A, Champion M, Deshpande C, Dursun A, Ozgul RK, Freisinger P, Garber I, Haack TB, Horvath R, Barić I, Husain RA, Kluijtmans LAJ, Kotzaeridou U, Morris AA, Ross CJ, Santra S, Smeitink J, Tarnopolsky M, Wortmann SB, Mayr JA, et al.","Mol Genet Metab. 2018 Jan;123(1):28-42. doi: 10.1016/j.ymgme.2017.11.003. Epub 2017 Nov 15."
"Assessment of the ExAC data set for the presence of individuals with pathogenic genotypes implicated in severe Mendelian pediatric disorders.","/pubmed/28471432","Tarailo-Graovac M, Zhu JYA, Matthews A, van Karnebeek CDM, Wasserman WW.","Genet Med. 2017 Dec;19(12):1300-1308. doi: 10.1038/gim.2017.50. Epub 2017 May 4."
"Correction to: FLAGS, frequently mutated genes in public exomes.","/pubmed/29187224","Shyr C, Tarailo-Graovac M, Gottlieb M, Lee JJ, van Karnebeek C, Wasserman WW.","BMC Med Genomics. 2017 Nov 29;10(1):69. doi: 10.1186/s12920-017-0309-7."
"A de novo mosaic mutation in SPAST with two novel alternative alleles and chromosomal copy number variant in a boy with spastic paraplegia and autism spectrum disorder.","/pubmed/28778789","Matthews AM, Tarailo-Graovac M, Price EM, Blydt-Hansen I, Ghani A, Drögemöller BI, Robinson WP, Ross CJ, Wasserman WW, Siden H, van Karnebeek CD.","Eur J Med Genet. 2017 Oct;60(10):548-552. doi: 10.1016/j.ejmg.2017.07.015. Epub 2017 Aug 1."
"A case of splenomegaly in CBL syndrome.","/pubmed/28414188","Coe RR, McKinnon ML, Tarailo-Graovac M, Ross CJ, Wasserman WW, Friedman JM, Rogers PC, van Karnebeek CDM.","Eur J Med Genet. 2017 Jul;60(7):374-379. doi: 10.1016/j.ejmg.2017.04.009. Epub 2017 Apr 13."
"Corrigendum: NANS-mediated synthesis of sialic acid is required for brain and skeletal development.","/pubmed/28546570","van Karnebeek CDM, Bonafé L, Wen XY, Tarailo-Graovac M, Balzano S, Royer-Bertrand B, Ashikov A, Garavelli L, Mammi I, Turolla L, Breen C, Donnai D, Cormier V, Heron D, Nishimura G, Uchikawa S, Campos-Xavier B, Rossi A, Hennet T, Brand-Arzamendi K, Rozmus J, Harshman K, et al.","Nat Genet. 2017 May 26;49(6):969. doi: 10.1038/ng0617-969a. No abstract available. "
"Impact of next-generation sequencing on diagnosis and management of neurometabolic disorders: current advances and future perspectives.","/pubmed/28277145","Tarailo-Graovac M, Wasserman WW, Van Karnebeek CD.","Expert Rev Mol Diagn. 2017 Apr;17(4):307-309. doi: 10.1080/14737159.2017.1293527. Epub 2017 Feb 20. No abstract available. "
"CuboCube: Student creation of a cancer genetics e-textbook using open-access software for social learning.","/pubmed/28267757","Seid-Karbasi P, Ye XC, Zhang AW, Gladish N, Cheng SY, Rothe K, Pilsworth JA, Kang MA, Doolittle N, Jiang X, Stirling PC, Wasserman WW.","PLoS Biol. 2017 Mar 7;15(3):e2001192. doi: 10.1371/journal.pbio.2001192. eCollection 2017 Mar."
"A girl with developmental delay, ataxia, cranial nerve palsies, severe respiratory problems in infancy-Expanding NDST1 syndrome.","/pubmed/28211985","Armstrong L, Tarailo-Graovac M, Sinclair G, Seath KI, Wasserman WW, Ross CJ, van Karnebeek CD.","Am J Med Genet A. 2017 Mar;173(3):712-715. doi: 10.1002/ajmg.a.37621."
"Identification of a large intronic transposal insertion in SLC17A5 causing sialic acid storage disease.","/pubmed/28187749","Tarailo-Graovac M, Drögemöller BI, Wasserman WW, Ross CJ, van den Ouweland AM, Darin N, Kollberg G, van Karnebeek CD, Blomqvist M.","Orphanet J Rare Dis. 2017 Feb 10;12(1):28. doi: 10.1186/s13023-017-0584-6."
"Optic atrophy, cataracts, lipodystrophy/lipoatrophy, and peripheral neuropathy caused by a de novo OPA3 mutation.","/pubmed/28050599","Bourne SC, Townsend KN, Shyr C, Matthews A, Lear SA, Attariwala R, Lehman A, Wasserman WW, van Karnebeek C, Sinclair G, Vallance H, Gibson WT.","Cold Spring Harb Mol Case Stud. 2017 Jan;3(1):a001156. doi: 10.1101/mcs.a001156."
"Mitochondrial Complex III Deficiency with Ketoacidosis and Hyperglycemia Mimicking Neonatal Diabetes.","/pubmed/27074787","Anastasio N, Tarailo-Graovac M, Al-Khalifah R, Legault L, Drogemoller B, Ross CJ, Wasserman WW, van Karnebeek C, Buhas D.","JIMD Rep. 2017;31:57-62. doi: 10.1007/8904_2016_557. Epub 2016 Apr 14."
"Evaluating the impact of single nucleotide variants on transcription factor binding.","/pubmed/27492288","Shi W, Fornes O, Mathelier A, Wasserman WW.","Nucleic Acids Res. 2016 Dec 1;44(21):10106-10116. Epub 2016 Aug 4."
"YY1 binding association with sex-biased transcription revealed through X-linked transcript levels and allelic binding analyses.","/pubmed/27857184","Chen CY, Shi W, Balaton BP, Matthews AM, Li Y, Arenillas DJ, Mathelier A, Itoh M, Kawaji H, Lassmann T, Hayashizaki Y, Carninci P, Forrest AR, Brown CJ, Wasserman WW.","Sci Rep. 2016 Nov 18;6:37324. doi: 10.1038/srep37324."
"Identification of non-coding genetic variants in samples from hypoxemic respiratory disease patients that affect the transcriptional response to hypoxia.","/pubmed/27625398","Roche O, Deguiz ML, Tiana M, Galiana-Ribote C, Martinez-Alcazar D, Rey-Serra C, Ranz-Ribeiro B, Casitas R, Galera R, Fernández-Navarro I, Sánchez-Cuéllar S, Bernard V, Ancochea J, Wasserman WW, García-Rio F, Jimenez B, Del Peso L.","Nucleic Acids Res. 2016 Nov 2;44(19):9315-9330. Epub 2016 Sep 12."
"DNA Shape Features Improve Transcription Factor Binding Site Predictions In Vivo.","/pubmed/27546793","Mathelier A, Xin B, Chiu TP, Yang L, Rohs R, Wasserman WW.","Cell Syst. 2016 Sep 28;3(3):278-286.e4. doi: 10.1016/j.cels.2016.07.001. Epub 2016 Aug 18."
"Further Validation of the SIGMAR1 c.151+1G>T Mutation as Cause of Distal Hereditary Motor Neuropathy.","/pubmed/28503617","Lee JJY, van Karnebeek CDM, Drögemoller B, Shyr C, Tarailo-Graovac M, Eydoux P, Ross CJ, Wasserman WW, Björnson B, Wu JK.","Child Neurol Open. 2016 Sep 26;3:2329048X16669912. doi: 10.1177/2329048X16669912. eCollection 2016 Jan-Dec."
"CAGEd-oPOSSUM: motif enrichment analysis from CAGE-derived TSSs.","/pubmed/27334471","Arenillas DJ, Forrest AR, Kawaji H, Lassmann T; FANTOM Consortium., Wasserman WW, Mathelier A.","Bioinformatics. 2016 Sep 15;32(18):2858-60. doi: 10.1093/bioinformatics/btw337. Epub 2016 Jun 9."
"PAX6 MiniPromoters drive restricted expression from rAAV in the adult mouse retina.","/pubmed/27556059","Hickmott JW, Chen CY, Arenillas DJ, Korecki AJ, Lam SL, Molday LL, Bonaguro RJ, Zhou M, Chou AY, Mathelier A, Boye SL, Hauswirth WW, Molday RS, Wasserman WW, Simpson EM.","Mol Ther Methods Clin Dev. 2016 Aug 10;3:16051. doi: 10.1038/mtm.2016.51. eCollection 2016."
"DeepCAGE transcriptomics identify HOXD10 as a transcription factor regulating lymphatic endothelial responses to VEGF-C.","/pubmed/27199372","Klein S, Dieterich LC, Mathelier A, Chong C, Sliwa-Primorac A, Hong YK, Shin JW, Lizio M, Itoh M, Kawaji H, Lassmann T, Daub CO, Arner E; FANTOM consortium., Carninci P, Hayashizaki Y, Forrest AR, Wasserman WW, Detmar M.","J Cell Sci. 2016 Jul 1;129(13):2573-85. doi: 10.1242/jcs.186767. Epub 2016 May 19."
"NANS-mediated synthesis of sialic acid is required for brain and skeletal development.","/pubmed/27213289","van Karnebeek CD, Bonafé L, Wen XY, Tarailo-Graovac M, Balzano S, Royer-Bertrand B, Ashikov A, Garavelli L, Mammi I, Turolla L, Breen C, Donnai D, Cormier-Daire V, Heron D, Nishimura G, Uchikawa S, Campos-Xavier B, Rossi A, Hennet T, Brand-Arzamendi K, Rozmus J, Harshman K, et al.","Nat Genet. 2016 Jul;48(7):777-84. doi: 10.1038/ng.3578. Epub 2016 May 23. Erratum in: Nat Genet. 2017 May 26;49(6):969. "
"Exome Sequencing and the Management of Neurometabolic Disorders.","/pubmed/27276562","Tarailo-Graovac M, Shyr C, Ross CJ, Horvath GA, Salvarinova R, Ye XC, Zhang LH, Bhavsar AP, Lee JJ, Drögemöller BI, Abdelsayed M, Alfadhel M, Armstrong L, Baumgartner MR, Burda P, Connolly MB, Cameron J, Demos M, Dewan T, Dionne J, Evans AM, Friedman JM, et al.","N Engl J Med. 2016 Jun 9;374(23):2246-55. doi: 10.1056/NEJMoa1515792. Epub 2016 May 25."
"De novo dominant variants affecting the motor domain of KIF1A are a cause of PEHO syndrome.","/pubmed/26486474","Langlois S, Tarailo-Graovac M, Sayson B, Drögemöller B, Swenerton A, Ross CJ, Wasserman WW, van Karnebeek CD.","Eur J Hum Genet. 2016 Jun;24(6):949-53. doi: 10.1038/ejhg.2015.217. Epub 2015 Oct 21. Review."
"DNA methylation profiling in human Huntington's disease brain.","/pubmed/26953320","De Souza RA, Islam SA, McEwen LM, Mathelier A, Hill A, Mah SM, Wasserman WW, Kobor MS, Leavitt BR.","Hum Mol Genet. 2016 May 15;25(10):2013-2030. Epub 2016 Mar 6."
"rAAV-compatible MiniPromoters for restricted expression in the brain and eye.","/pubmed/27164903","de Leeuw CN, Korecki AJ, Berry GE, Hickmott JW, Lam SL, Lengyell TC, Bonaguro RJ, Borretta LJ, Chopra V, Chou AY, D'Souza CA, Kaspieva O, Laprise S, McInerny SC, Portales-Casamar E, Swanson-Newman MI, Wong K, Yang GS, Zhou M, Jones SJ, Holt RA, Asokan A, et al.","Mol Brain. 2016 May 10;9(1):52. doi: 10.1186/s13041-016-0232-4."
"Deep Feature Selection: Theory and Application to Identify Enhancers and Promoters.","/pubmed/26799292","Li Y, Chen CY, Wasserman WW.","J Comput Biol. 2016 May;23(5):322-36. doi: 10.1089/cmb.2015.0189. Epub 2016 Jan 22."
"Cytosolic phosphoenolpyruvate carboxykinase deficiency presenting with acute liver failure following gastroenteritis.","/pubmed/26971250","Santra S, Cameron JM, Shyr C, Zhang L, Drögemöller B, Ross CJ, Wasserman WW, Wevers RA, Rodenburg RJ, Gupte G, Preece MA, van Karnebeek CD.","Mol Genet Metab. 2016 May;118(1):21-7. doi: 10.1016/j.ymgme.2016.03.001. Epub 2016 Mar 4."
"Dynamic software design for clinical exome and genome analyses: insights from bioinformaticians, clinical geneticists, and genetic counselors.","/pubmed/26117142","Shyr C, Kushniruk A, van Karnebeek CD, Wasserman WW.","J Am Med Inform Assoc. 2016 Mar;23(2):257-68. doi: 10.1093/jamia/ocv053. Epub 2015 Jun 27."
"JASPAR 2016: a major expansion and update of the open-access database of transcription factor binding profiles.","/pubmed/26531826","Mathelier A, Fornes O, Arenillas DJ, Chen CY, Denay G, Lee J, Shi W, Shyr C, Tan G, Worsley-Hunt R, Zhang AW, Parcy F, Lenhard B, Sandelin A, Wasserman WW.","Nucleic Acids Res. 2016 Jan 4;44(D1):D110-5. doi: 10.1093/nar/gkv1176. Epub 2015 Nov 3."
"Secondary neurotransmitter deficiencies in epilepsy caused by voltage-gated sodium channelopathies: A potential treatment target?","/pubmed/26647175","Horvath GA, Demos M, Shyr C, Matthews A, Zhang L, Race S, Stockler-Ipsiroglu S, Van Allen MI, Mancarci O, Toker L, Pavlidis P, Ross CJ, Wasserman WW, Trump N, Heales S, Pope S, Cross JH, van Karnebeek CD.","Mol Genet Metab. 2016 Jan;117(1):42-8. doi: 10.1016/j.ymgme.2015.11.008. Epub 2015 Nov 17."
"The identification of cis-regulatory elements: A review from a machine learning perspective.","/pubmed/26499213","Li Y, Chen CY, Kaye AM, Wasserman WW.","Biosystems. 2015 Dec;138:6-17. doi: 10.1016/j.biosystems.2015.10.002. Epub 2015 Oct 21. Review."
"DeepCAGE Transcriptomics Reveal an Important Role of the Transcription Factor MAFB in the Lymphatic Endothelium.","/pubmed/26549461","Dieterich LC, Klein S, Mathelier A, Sliwa-Primorac A, Ma Q, Hong YK, Shin JW, Hamada M, Lizio M, Itoh M, Kawaji H, Lassmann T, Daub CO, Arner E, Carninci P, Hayashizaki Y, Forrest ARR, Wasserman WW, Detmar M.","Cell Rep. 2015 Nov 17;13(7):1493-1504. doi: 10.1016/j.celrep.2015.10.002. Epub 2015 Nov 5."
"RMND1 deficiency associated with neonatal lactic acidosis, infantile onset renal failure, deafness, and multiorgan involvement.","/pubmed/25604853","Janer A, van Karnebeek CD, Sasarman F, Antonicka H, Al Ghamdi M, Shyr C, Dunbar M, Stockler-Ispiroglu S, Ross CJ, Vallance H, Dionne J, Wasserman WW, Shoubridge EA.","Eur J Hum Genet. 2015 Oct;23(10):1301-7. doi: 10.1038/ejhg.2014.293. Epub 2015 Jan 21."
"Combined serial analysis of gene expression and transcription factor binding site prediction identifies novel-candidate-target genes of Nr2e1 in neocortex development.","/pubmed/26204903","Schmouth JF, Arenillas D, Corso-Díaz X, Xie YY, Bohacec S, Banks KG, Bonaguro RJ, Wong SH, Jones SJ, Marra MA, Simpson EM, Wasserman WW.","BMC Genomics. 2015 Jul 24;16:545. doi: 10.1186/s12864-015-1770-3."
"A SNP in the HTT promoter alters NF-κB binding and is a bidirectional genetic modifier of Huntington disease.","/pubmed/25938884","Bečanović K, Nørremølle A, Neal SJ, Kay C, Collins JA, Arenillas D, Lilja T, Gaudenzi G, Manoharan S, Doty CN, Beck J, Lahiri N, Portales-Casamar E, Warby SC, Connolly C, De Souza RA; REGISTRY Investigators of the European Huntington's Disease Network., Tabrizi SJ, Hermanson O, Langbehn DR, Hayden MR, Wasserman WW, et al.","Nat Neurosci. 2015 Jun;18(6):807-16. doi: 10.1038/nn.4014. Epub 2015 May 4."
"Cis-regulatory somatic mutations and gene-expression alteration in B-cell lymphomas.","/pubmed/25903198","Mathelier A, Lefebvre C, Zhang AW, Arenillas DJ, Ding J, Wasserman WW, Shah SP.","Genome Biol. 2015 Apr 23;16:84. doi: 10.1186/s13059-015-0648-7."
"GeneYenta: a phenotype-based rare disease case matching tool based on online dating algorithms for the acceleration of exome interpretation.","/pubmed/25703386","Gottlieb MM, Arenillas DJ, Maithripala S, Maurer ZD, Tarailo Graovac M, Armstrong L, Patel M, van Karnebeek C, Wasserman WW.","Hum Mutat. 2015 Apr;36(4):432-8. doi: 10.1002/humu.22772. Epub 2015 Mar 19."
"Expansion of the QARS deficiency phenotype with report of a family with isolated supratentorial brain abnormalities.","/pubmed/25432320","Salvarinova R, Ye CX, Rossi A, Biancheri R, Roland EH, Pavlidis P, Ross CJ, Tarailo-Graovac M, Wasserman WW, van Karnebeek CD.","Neurogenetics. 2015 Apr;16(2):145-9. doi: 10.1007/s10048-014-0432-y. Epub 2014 Nov 30."
"Defects in fatty acid amide hydrolase 2 in a male with neurologic and psychiatric symptoms.","/pubmed/25885783","Sirrs S, van Karnebeek CD, Peng X, Shyr C, Tarailo-Graovac M, Mandal R, Testa D, Dubin D, Carbonetti G, Glynn SE, Sayson B, Robinson WP, Han B, Wishart D, Ross CJ, Wasserman WW, Hurwitz TA, Sinclair G, Kaczocha M.","Orphanet J Rare Dis. 2015 Mar 28;10:38. doi: 10.1186/s13023-015-0248-3."
"The genotypic and phenotypic spectrum of PIGA deficiency.","/pubmed/25885527","Tarailo-Graovac M, Sinclair G, Stockler-Ipsiroglu S, Van Allen M, Rozmus J, Shyr C, Biancheri R, Oh T, Sayson B, Lafek M, Ross CJ, Robinson WP, Wasserman WW, Rossi A, van Karnebeek CD.","Orphanet J Rare Dis. 2015 Feb 27;10:23. doi: 10.1186/s13023-015-0243-8."
"Identification of altered cis-regulatory elements in human disease.","/pubmed/25637093","Mathelier A, Shi W, Wasserman WW.","Trends Genet. 2015 Feb;31(2):67-76. doi: 10.1016/j.tig.2014.12.003. Epub 2015 Jan 27. Review."
"FLAGS, frequently mutated genes in public exomes.","/pubmed/25466818","Shyr C, Tarailo-Graovac M, Gottlieb M, Lee JJ, van Karnebeek C, Wasserman WW.","BMC Med Genomics. 2014 Dec 3;7:64. doi: 10.1186/s12920-014-0064-y. Erratum in: BMC Med Genomics. 2017 Nov 29;10 (1):69. "
"Usability study of clinical exome analysis software: top lessons learned and recommendations.","/pubmed/24860971","Shyr C, Kushniruk A, Wasserman WW.","J Biomed Inform. 2014 Oct;51:129-36. doi: 10.1016/j.jbi.2014.05.004. Epub 2014 May 24."
"Single point mutation in Rabenosyn-5 in a female with intractable seizures and evidence of defective endocytotic trafficking.","/pubmed/25233840","Stockler S, Corvera S, Lambright D, Fogarty K, Nosova E, Leonard D, Steinfeld R, Ackerley C, Shyr C, Au N, Selby K, van Allen M, Vallance H, Wevers R, Watkins D, Rosenblatt D, Ross CJ, Conibear E, Wasserman W, van Karnebeek C.","Orphanet J Rare Dis. 2014 Sep 20;9:141. doi: 10.1186/s13023-014-0141-5."
"Exome sequencing identifies mutations in KIF14 as a novel cause of an autosomal recessive lethal fetal ciliopathy phenotype.","/pubmed/24128419","Filges I, Nosova E, Bruder E, Tercanli S, Townsend K, Gibson WT, Röthlisberger B, Heinimann K, Hall JG, Gregory-Evans CY, Wasserman WW, Miny P, Friedman JM.","Clin Genet. 2014 Sep;86(3):220-8. doi: 10.1111/cge.12301. Epub 2013 Nov 18."
"Strabismus genetics across a spectrum of eye misalignment disorders.","/pubmed/24579652","Ye XC, Pegado V, Patel MS, Wasserman WW.","Clin Genet. 2014 Aug;86(2):103-11. doi: 10.1111/cge.12367. Epub 2014 Mar 26. Review."
"AIMP1 deficiency presents as a cortical neurodegenerative disease with infantile onset.","/pubmed/24958424","Armstrong L, Biancheri R, Shyr C, Rossi A, Sinclair G, Ross CJ, Tarailo-Graovac M, Wasserman WW, van Karnebeek CD.","Neurogenetics. 2014 Aug;15(3):157-9. doi: 10.1007/s10048-014-0411-3. Epub 2014 Jun 24."
"Non-targeted transcription factors motifs are a systemic component of ChIP-seq datasets.","/pubmed/25070602","Worsley Hunt R, Wasserman WW.","Genome Biol. 2014 Jul 29;15(7):412. doi: 10.1186/s13059-014-0412-4."
"Improving analysis of transcription factor binding sites within ChIP-Seq data based on topological motif enrichment.","/pubmed/24927817","Worsley Hunt R, Mathelier A, Del Peso L, Wasserman WW.","BMC Genomics. 2014 Jun 13;15:472. doi: 10.1186/1471-2164-15-472."
"On the identification of potential regulatory variants within genome wide association candidate SNP sets.","/pubmed/24920305","Chen CY, Chang IS, Hsiung CA, Wasserman WW.","BMC Med Genomics. 2014 Jun 11;7:34. doi: 10.1186/1755-8794-7-34."
"DNAJC13 mutations in Parkinson disease.","/pubmed/24218364","Vilariño-Güell C, Rajput A, Milnerwood AJ, Shah B, Szu-Tu C, Trinh J, Yu I, Encarnacion M, Munsie LN, Tapia L, Gustavsson EK, Chou P, Tatarnikov I, Evans DM, Pishotta FT, Volta M, Beccano-Kelly D, Thompson C, Lin MK, Sherman HE, Han HJ, Guenther BL, et al.","Hum Mol Genet. 2014 Apr 1;23(7):1794-801. doi: 10.1093/hmg/ddt570. Epub 2013 Nov 11."
"A promoter-level mammalian expression atlas.","/pubmed/24670764","FANTOM Consortium and the RIKEN PMI and CLST (DGT)., Forrest AR, Kawaji H, Rehli M, Baillie JK, de Hoon MJ, Haberle V, Lassmann T, Kulakovskiy IV, Lizio M, Itoh M, Andersson R, Mungall CJ, Meehan TF, Schmeier S, Bertin N, Jørgensen M, Dimont E, Arner E, Schmidl C, Schaefer U, Medvedeva YA, et al.","Nature. 2014 Mar 27;507(7493):462-70. doi: 10.1038/nature13182."
"Mitochondrial carbonic anhydrase VA deficiency resulting from CA5A alterations presents with hyperammonemia in early childhood.","/pubmed/24530203","van Karnebeek CD, Sly WS, Ross CJ, Salvarinova R, Yaplito-Lee J, Santra S, Shyr C, Horvath GA, Eydoux P, Lehman AM, Bernard V, Newlove T, Ukpeh H, Chakrapani A, Preece MA, Ball S, Pitt J, Vallance HD, Coulter-Mackie M, Nguyen H, Zhang LH, Bhavsar AP, et al.","Am J Hum Genet. 2014 Mar 6;94(3):453-61. doi: 10.1016/j.ajhg.2014.01.006. Epub 2014 Feb 13."
"Spread of X-chromosome inactivation into autosomal sequences: role for DNA elements, chromatin features and chromosomal domains.","/pubmed/24158853","Cotton AM, Chen CY, Lam LL, Wasserman WW, Kobor MS, Brown CJ.","Hum Mol Genet. 2014 Mar 1;23(5):1211-23. doi: 10.1093/hmg/ddt513. Epub 2013 Oct 24."
"Targeted CNS Delivery Using Human MiniPromoters and Demonstrated Compatibility with Adeno-Associated Viral Vectors.","/pubmed/24761428","de Leeuw CN, Dyka FM, Boye SL, Laprise S, Zhou M, Chou AY, Borretta L, McInerny SC, Banks KG, Portales-Casamar E, Swanson MI, D'Souza CA, Boye SE, Jones SJ, Holt RA, Goldowitz D, Hauswirth WW, Wasserman WW, Simpson EM.","Mol Ther Methods Clin Dev. 2014 Jan 8;1:5."
"TFBSshape: a motif database for DNA shape features of transcription factor binding sites.","/pubmed/24214955","Yang L, Zhou T, Dror I, Mathelier A, Wasserman WW, Gordân R, Rohs R.","Nucleic Acids Res. 2014 Jan;42(Database issue):D148-55. doi: 10.1093/nar/gkt1087. Epub 2013 Nov 7."
"JASPAR 2014: an extensively expanded and updated open-access database of transcription factor binding profiles.","/pubmed/24194598","Mathelier A, Zhao X, Zhang AW, Parcy F, Worsley-Hunt R, Arenillas DJ, Buchman S, Chen CY, Chou A, Ienasescu H, Lim J, Shyr C, Tan G, Zhou M, Lenhard B, Sandelin A, Wasserman WW.","Nucleic Acids Res. 2014 Jan;42(Database issue):D142-7. doi: 10.1093/nar/gkt997. Epub 2013 Nov 4."
"Non-coding-regulatory regions of human brain genes delineated by bacterial artificial chromosome knock-in mice.","/pubmed/24124870","Schmouth JF, Castellarin M, Laprise S, Banks KG, Bonaguro RJ, McInerny SC, Borretta L, Amirabbasi M, Korecki AJ, Portales-Casamar E, Wilson G, Dreolini L, Jones SJ, Wasserman WW, Goldowitz D, Holt RA, Simpson EM.","BMC Biol. 2013 Oct 14;11:106. doi: 10.1186/1741-7007-11-106."
"Portal for Families Overcoming Neurodevelopmental Disorders (PFOND): Implementation of a Software Framework for Facilitated Community Website Creation by Nontechnical Volunteers.","/pubmed/23920006","Ye XC, Ng I, Seid-Karbasi P, Imam T, Lee CE, Chen SY, Herman A, Sharma B, Johal G, Gu B, Wasserman WW.","JMIR Res Protoc. 2013 Aug 6;2(2):e25. doi: 10.2196/resprot.2675."
"Utilizing social media to study information-seeking and ethical issues in gene therapy.","/pubmed/23470490","Robillard JM, Whiteley L, Johnson TW, Lim J, Wasserman WW, Illes J.","J Med Internet Res. 2013 Mar 4;15(3):e44. doi: 10.2196/jmir.2313."
"Compensating for literature annotation bias when predicting novel drug-disease relationships through Medical Subject Heading Over-representation Profile (MeSHOP) similarity.","/pubmed/23819887","Cheung WA, Ouellette BF, Wasserman WW.","BMC Med Genomics. 2013;6 Suppl 2:S3. doi: 10.1186/1755-8794-6-S2-S3. Epub 2013 May 7."
"The next generation of transcription factor binding site prediction.","/pubmed/24039567","Mathelier A, Wasserman WW.","PLoS Comput Biol. 2013;9(9):e1003214. doi: 10.1371/journal.pcbi.1003214. Epub 2013 Sep 5."
"Inferring novel gene-disease associations using Medical Subject Heading Over-representation Profiles.","/pubmed/23021552","Cheung WA, Ouellette BF, Wasserman WW.","Genome Med. 2012 Sep 28;4(9):75. doi: 10.1186/gm376. eCollection 2012."
"Quantitative biomedical annotation using medical subject heading over-representation profiles (MeSHOPs).","/pubmed/23017167","Cheung WA, Ouellette BF, Wasserman WW.","BMC Bioinformatics. 2012 Sep 27;13:249. doi: 10.1186/1471-2105-13-249."
"oPOSSUM-3: advanced analysis of regulatory motif over-representation across genes or ChIP-Seq datasets.","/pubmed/22973536","Kwon AT, Arenillas DJ, Worsley Hunt R, Wasserman WW.","G3 (Bethesda). 2012 Sep;2(9):987-1002. doi: 10.1534/g3.112.003202. Epub 2012 Sep 1."
"The clonal and mutational evolution spectrum of primary triple-negative breast cancers.","/pubmed/22495314","Shah SP, Roth A, Goya R, Oloumi A, Ha G, Zhao Y, Turashvili G, Ding J, Tse K, Haffari G, Bashashati A, Prentice LM, Khattra J, Burleigh A, Yap D, Bernard V, McPherson A, Shumansky K, Crisan A, Giuliany R, Heravi-Moussavi A, Rosner J, et al.","Nature. 2012 Apr 4;486(7403):395-9. doi: 10.1038/nature10933."
"Retina restored and brain abnormalities ameliorated by single-copy knock-in of human NR2E1 in null mice.","/pubmed/22290436","Schmouth JF, Banks KG, Mathelier A, Gregory-Evans CY, Castellarin M, Holt RA, Gregory-Evans K, Wasserman WW, Simpson EM.","Mol Cell Biol. 2012 Apr;32(7):1296-311. doi: 10.1128/MCB.06016-11. Epub 2012 Jan 30."
"The transcription factor encyclopedia.","/pubmed/22458515","Yusuf D, Butland SL, Swanson MI, Bolotin E, Ticoll A, Cheung WA, Zhang XY, Dickman CT, Fulton DL, Lim JS, Schnabl JM, Ramos OH, Vasseur-Cognet M, de Leeuw CN, Simpson EM, Ryffel GU, Lam EW, Kist R, Wilson MS, Marco-Ferreres R, Brosens JJ, Beccari LL, et al.","Genome Biol. 2012;13(3):R24. doi: 10.1186/gb-2012-13-3-r24."
"Validation of skeletal muscle cis-regulatory module predictions reveals nucleotide composition bias in functional enhancers.","/pubmed/22144875","Kwon AT, Chou AY, Arenillas DJ, Wasserman WW.","PLoS Comput Biol. 2011 Dec;7(12):e1002256. doi: 10.1371/journal.pcbi.1002256. Epub 2011 Dec 1."
"Identification of cis-regulatory sequence variations in individual genome sequences.","/pubmed/21989199","Worsley-Hunt R, Bernard V, Wasserman WW.","Genome Med. 2011 Oct 10;3(10):65. doi: 10.1186/gm281."
"Towards resolving the transcription factor network controlling myelin gene expression.","/pubmed/21729871","Fulton DL, Denarier E, Friedman HC, Wasserman WW, Peterson AC.","Nucleic Acids Res. 2011 Oct;39(18):7974-91. doi: 10.1093/nar/gkr326. Epub 2011 Jul 5."
"VPS35 mutations in Parkinson disease.","/pubmed/21763482","Vilariño-Güell C, Wider C, Ross OA, Dachsel JC, Kachergus JM, Lincoln SJ, Soto-Ortolaza AI, Cobb SA, Wilhoite GJ, Bacon JA, Behrouz B, Melrose HL, Hentati E, Puschmann A, Evans DM, Conibear E, Wasserman WW, Aasly JO, Burkhard PR, Djaldetti R, Ghika J, Hentati F, et al.","Am J Hum Genet. 2011 Jul 15;89(1):162-7. doi: 10.1016/j.ajhg.2011.06.001. Erratum in: Am J Hum Genet. 2011 Aug 12;89(2):347. "
"MIR@NT@N: a framework integrating transcription factors, microRNAs and their targets to identify sub-network motifs in a meta-regulation network model.","/pubmed/21375730","Le Béchec A, Portales-Casamar E, Vetter G, Moes M, Zindy PJ, Saumet A, Arenillas D, Theillet C, Wasserman WW, Lecellier CH, Friederich E.","BMC Bioinformatics. 2011 Mar 4;12:67. doi: 10.1186/1471-2105-12-67."
"The NeuroDevNet Neuroinformatics Core.","/pubmed/21575836","Portales-Casamar E, Evans A, Wasserman W, Pavlidis P.","Semin Pediatr Neurol. 2011 Mar;18(1):17-20. doi: 10.1016/j.spen.2011.02.001."
"A regulatory toolbox of MiniPromoters to drive selective expression in the brain.","/pubmed/20807748","Portales-Casamar E, Swanson DJ, Liu L, de Leeuw CN, Banks KG, Ho Sui SJ, Fulton DL, Ali J, Amirabbasi M, Arenillas DJ, Babyak N, Black SF, Bonaguro RJ, Brauer E, Candido TR, Castellarin M, Chen J, Chen Y, Cheng JC, Chopra V, Docking TR, Dreolini L, et al.","Proc Natl Acad Sci U S A. 2010 Sep 21;107(38):16589-94. doi: 10.1073/pnas.1009158107. Epub 2010 Aug 31."
"Global mapping of binding sites for Nrf2 identifies novel targets in cell survival response through ChIP-Seq profiling and network analysis.","/pubmed/20460467","Malhotra D, Portales-Casamar E, Singh A, Srivastava S, Arenillas D, Happel C, Shyr C, Wakabayashi N, Kensler TW, Wasserman WW, Biswal S.","Nucleic Acids Res. 2010 Sep;38(17):5718-34. doi: 10.1093/nar/gkq212. Epub 2010 May 11."
"Laboratory Animal Management Assistant (LAMA): a LIMS for active research colonies.","/pubmed/20411264","Milisavljevic M, Hearty T, Wong TY, Portales-Casamar E, Simpson EM, Wasserman WW.","Mamm Genome. 2010 Jun;21(5-6):224-30. doi: 10.1007/s00335-010-9258-6. Epub 2010 Apr 22."
"JASPAR 2010: the greatly expanded open-access database of transcription factor binding profiles.","/pubmed/19906716","Portales-Casamar E, Thongjuea S, Kwon AT, Arenillas D, Zhao X, Valen E, Yusuf D, Lenhard B, Wasserman WW, Sandelin A.","Nucleic Acids Res. 2010 Jan;38(Database issue):D105-10. doi: 10.1093/nar/gkp950. Epub 2009 Nov 11."
"Transcriptional repression of microRNA genes by PML-RARA increases expression of key cancer proteins in acute promyelocytic leukemia.","/pubmed/18941112","Saumet A, Vetter G, Bouttier M, Portales-Casamar E, Wasserman WW, Maurin T, Mari B, Barbry P, Vallar L, Friederich E, Arar K, Cassinat B, Chomienne C, Lecellier CH.","Blood. 2009 Jan 8;113(2):412-21. doi: 10.1182/blood-2008-05-158139. Epub 2008 Oct 21."
"TFCat: the curated catalog of mouse and human transcription factors.","/pubmed/19284633","Fulton DL, Sundararajan S, Badis G, Hughes TR, Wasserman WW, Roach JC, Sladek R.","Genome Biol. 2009;10(3):R29. doi: 10.1186/gb-2009-10-3-r29. Epub 2009 Mar 12."
"The PAZAR database of gene regulatory information coupled to the ORCA toolkit for the study of regulatory sequences.","/pubmed/18971253","Portales-Casamar E, Arenillas D, Lim J, Swanson MI, Jiang S, McCallum A, Kirov S, Wasserman WW.","Nucleic Acids Res. 2009 Jan;37(Database issue):D54-60. doi: 10.1093/nar/gkn783. Epub 2008 Oct 29."
"Identification of a set of genes showing regionally enriched expression in the mouse brain.","/pubmed/18625066","D'Souza CA, Chopra V, Varhol R, Xie YY, Bohacec S, Zhao Y, Lee LL, Bilenky M, Portales-Casamar E, He A, Wasserman WW, Goldowitz D, Marra MA, Holt RA, Simpson EM, Jones SJ.","BMC Neurosci. 2008 Jul 14;9:66. doi: 10.1186/1471-2202-9-66."
"Mechanisms underlying p53 regulation of PIK3CA transcription in ovarian surface epithelium and in ovarian cancer.","/pubmed/18270270","Astanehe A, Arenillas D, Wasserman WW, Leung PC, Dunn SE, Davies BR, Mills GB, Auersperg N.","J Cell Sci. 2008 Mar 1;121(Pt 5):664-74. doi: 10.1242/jcs.013029. Epub 2008 Feb 12."
"Dynamics of the yeast transcriptome during wine fermentation reveals a novel fermentation stress response.","/pubmed/18215224","Marks VD, Ho Sui SJ, Erasmus D, van der Merwe GK, Brumm J, Wasserman WW, Bryan J, van Vuuren HJ.","FEMS Yeast Res. 2008 Feb;8(1):35-52. doi: 10.1111/j.1567-1364.2007.00338.x."
"Gene characterization index: assessing the depth of gene annotation.","/pubmed/18213364","Kemmer D, Podowski RM, Yusuf D, Brumm J, Cheung W, Wahlestedt C, Lenhard B, Wasserman WW.","PLoS One. 2008 Jan 23;3(1):e1440. doi: 10.1371/journal.pone.0001440."
"ORegAnno: an open-access community-driven resource for regulatory annotation.","/pubmed/18006570","Griffith OL, Montgomery SB, Bernier B, Chu B, Kasaian K, Aerts S, Mahony S, Sleumer MC, Bilenky M, Haeussler M, Griffith M, Gallo SM, Giardine B, Hooghe B, Van Loo P, Blanco E, Ticoll A, Lithwick S, Portales-Casamar E, Donaldson IJ, Robertson G, Wadelius C, et al.","Nucleic Acids Res. 2008 Jan;36(Database issue):D107-13. Epub 2007 Nov 15."
"In silico detection of sequence variations modifying transcriptional regulation.","/pubmed/18208319","Andersen MC, Engström PG, Lithwick S, Arenillas D, Eriksson P, Lenhard B, Wasserman WW, Odeberg J.","PLoS Comput Biol. 2008 Jan;4(1):e5. doi: 10.1371/journal.pcbi.0040005. Epub 2007 Nov 27."
"Discovery and expansion of gene modules by seeking isolated groups in a random graph process.","/pubmed/18843375","Brumm J, Conibear E, Wasserman WW, Bryan J.","PLoS One. 2008;3(10):e3358. doi: 10.1371/journal.pone.0003358. Epub 2008 Oct 9."
"oPOSSUM: integrated tools for analysis of regulatory motif over-representation.","/pubmed/17576675","Ho Sui SJ, Fulton DL, Arenillas DJ, Kwon AT, Wasserman WW.","Nucleic Acids Res. 2007 Jul;35(Web Server issue):W245-52. Epub 2007 Jun 18."
"PAZAR: a framework for collection and dissemination of cis-regulatory sequence annotation.","/pubmed/17916232","Portales-Casamar E, Kirov S, Lim J, Lithwick S, Swanson MI, Ticoll A, Snoddy J, Wasserman WW.","Genome Biol. 2007;8(10):R207."
"SAGE2Splice: unmapped SAGE tags reveal novel splice junctions.","/pubmed/16683015","Kuo BY, Chen Y, Bohacec S, Johansson O, Wasserman WW, Simpson EM.","PLoS Comput Biol. 2006 Apr;2(4):e34. Epub 2006 Apr 28."
"NovelFam3000--uncharacterized human protein domains conserved across model organisms.","/pubmed/16533400","Kemmer D, Podowski RM, Arenillas D, Lim J, Hodges E, Roth P, Sonnhammer EL, Höög C, Wasserman WW.","BMC Genomics. 2006 Mar 13;7:48."
"A new generation of JASPAR, the open-access repository for transcription factor binding site profiles.","/pubmed/16381983","Vlieghe D, Sandelin A, De Bleser PJ, Vleminckx K, Wasserman WW, van Roy F, Lenhard B.","Nucleic Acids Res. 2006 Jan 1;34(Database issue):D95-7."
"The Gene Set Builder: collation, curation, and distribution of sets of genes.","/pubmed/16371163","Yusuf D, Lim JS, Wasserman WW.","BMC Bioinformatics. 2005 Dec 21;6:305."
"oPOSSUM: identification of over-represented transcription factor binding sites in co-expressed genes.","/pubmed/15933209","Ho Sui SJ, Mortimer JR, Arenillas DJ, Brumm J, Walsh CJ, Kennedy BP, Wasserman WW.","Nucleic Acids Res. 2005 Jun 2;33(10):3154-64. Print 2005."
"Complete functional rescue of the ABCA1-/- mouse by human BAC transgenesis.","/pubmed/15772424","Coutinho JM, Singaraja RR, Kang M, Arenillas DJ, Bertram LN, Bissada N, Staels B, Fruchart JC, Fievet C, Joseph-George AM, Wasserman WW, Hayden MR.","J Lipid Res. 2005 Jun;46(6):1113-23. Epub 2005 Mar 16."
"Prediction of nuclear hormone receptor response elements.","/pubmed/15563547","Sandelin A, Wasserman WW.","Mol Endocrinol. 2005 Mar;19(3):595-606. Epub 2004 Nov 24."
"Identification of functional SNPs in the 5-prime flanking sequences of human genes.","/pubmed/15717931","Mottagui-Tabar S, Faghihi MA, Mizuno Y, Engström PG, Lenhard B, Wasserman WW, Wahlestedt C.","BMC Genomics. 2005 Feb 17;6:18."
"Ulysses - an application for the projection of molecular interactions across species.","/pubmed/16356269","Kemmer D, Huang Y, Shah SP, Lim J, Brumm J, Yuen MM, Ling J, Xu T, Wasserman WW, Ouellette BF.","Genome Biol. 2005;6(12):R106. Epub 2005 Dec 2."
"Arrays of ultraconserved non-coding regions span the loci of key developmental genes in vertebrate genomes.","/pubmed/15613238","Sandelin A, Bailey P, Bruce S, Engström PG, Klos JM, Wasserman WW, Ericson J, Lenhard B.","BMC Genomics. 2004 Dec 21;5(1):99."
"Decoding human regulatory circuits.","/pubmed/15466295","Thompson W, Palumbo MJ, Wasserman WW, Liu JS, Lawrence CE.","Genome Res. 2004 Oct;14(10A):1967-74."
"Regulog analysis: detection of conserved regulatory networks across bacteria: application to Staphylococcus aureus.","/pubmed/15231752","Alkema WB, Lenhard B, Wasserman WW.","Genome Res. 2004 Jul;14(7):1362-73."
"ConSite: web-based prediction of regulatory elements using cross-species comparison.","/pubmed/15215389","Sandelin A, Wasserman WW, Lenhard B.","Nucleic Acids Res. 2004 Jul 1;32(Web Server issue):W249-52."
"MSCAN: identification of functional clusters of transcription factor binding sites.","/pubmed/15215379","Alkema WB, Johansson O, Lagergren J, Wasserman WW.","Nucleic Acids Res. 2004 Jul 1;32(Web Server issue):W195-8."
"Constrained binding site diversity within families of transcription factors enhances pattern discovery bioinformatics.","/pubmed/15066426","Sandelin A, Wasserman WW.","J Mol Biol. 2004 Apr 23;338(2):207-15."
"Applied bioinformatics for the identification of regulatory elements.","/pubmed/15131651","Wasserman WW, Sandelin A.","Nat Rev Genet. 2004 Apr;5(4):276-87. Review. No abstract available. "
"Exploring the foundation of genomics: a northern blot reference set for the comparative analysis of transcript profiling technologies.","/pubmed/18629180","Kemmer D, Faxén M, Hodges E, Lim J, Herzog E, Ljungström E, Lundmark A, Olsen MK, Podowski R, Sonnhammer EL, Nilsson P, Reimers M, Lenhard B, Roberds SL, Wahlestedt C, Höög C, Agarwal P, Wasserman WW.","Comp Funct Genomics. 2004;5(8):584-95. doi: 10.1002/cfg.443."
"JASPAR: an open-access database for eukaryotic transcription factor binding profiles.","/pubmed/14681366","Sandelin A, Alkema W, Engström P, Wasserman WW, Lenhard B.","Nucleic Acids Res. 2004 Jan 1;32(Database issue):D91-4."
"Integrated analysis of yeast regulatory sequences for biologically linked clusters of genes.","/pubmed/12827523","Sandelin A, Höglund A, Lenhard B, Wasserman WW.","Funct Integr Genomics. 2003 Jul;3(3):125-34. Epub 2003 Jun 25."
"GeneLynx mouse: integrated portal to the mouse genome.","/pubmed/12819149","Lenhard B, Wahlestedt C, Wasserman WW.","Genome Res. 2003 Jun;13(6B):1501-4."
"In silico identification of metazoan transcriptional regulatory regions.","/pubmed/12712249","Wasserman WW, Krivan W.","Naturwissenschaften. 2003 Apr;90(4):156-66. Epub 2003 Mar 27. Review."
"Identification of functional clusters of transcription factor binding motifs in genome sequences: the MSCAN algorithm.","/pubmed/12855453","Johansson O, Alkema W, Wasserman WW, Lagergren J.","Bioinformatics. 2003;19 Suppl 1:i169-76."
"Understanding the language of gene regulation.","/pubmed/12844355","Alkema W, Wasserman WW.","Genome Biol. 2003;4(7):327. Epub 2003 Jun 18. No abstract available. "
"Identification of conserved regulatory elements by comparative genome analysis.","/pubmed/12760745","Lenhard B, Sandelin A, Mendoza L, Engström P, Jareborg N, Wasserman WW.","J Biol. 2003;2(2):13. doi: 10.1186/1475-4924-2-13. Epub 2003 May 22."
"TFBS: Computational framework for transcription factor binding site analysis.","/pubmed/12176838","Lenhard B, Wasserman WW.","Bioinformatics. 2002 Aug;18(8):1135-6."
"NotI flanking sequences: a tool for gene discovery and verification of the human genome.","/pubmed/12136098","Kutsenko AS, Gizatullin RZ, Al-Amin AN, Wang F, Kvasha SM, Podowski RM, Matushkin YG, Gyanchandani A, Muravenko OV, Levitsky VG, Kolchanov NA, Protopopov AI, Kashuba VI, Kisselev LL, Wasserman W, Wahlestedt C, Zabarovsky ER.","Nucleic Acids Res. 2002 Jul 15;30(14):3163-70."
"GeneLynx: a gene-centric portal to the human genome.","/pubmed/11731507","Lenhard B, Hayes WS, Wasserman WW.","Genome Res. 2001 Dec;11(12):2151-7."
"A predictive model for regulatory sequences directing liver-specific transcription.","/pubmed/11544200","Krivan W, Wasserman WW.","Genome Res. 2001 Sep;11(9):1559-66."
"Initial isolation and analysis of the human Kv1.7 (KCNA7) gene, a member of the voltage-gated potassium channel gene family.","/pubmed/11368907","Kashuba VI, Kvasha SM, Protopopov AI, Gizatullin RZ, Rynditch AV, Wahlestedt C, Wasserman WW, Zabarovsky ER.","Gene. 2001 May 2;268(1-2):115-22."
"Polymorphic electrophile response elements in the mouse glutathione S-transferase GSTa1 gene that confer increased induction.","/pubmed/11179824","Zhu M, Chapman WG, Oberley MJ, Wasserman WW, Fahl WE.","Cancer Lett. 2001 Mar 26;164(2):113-8."
"Structure and function of adenosine receptors and their genes.","/pubmed/11111830","Fredholm BB, Arslan G, Halldner L, Kull B, Schulte G, Wasserman W.","Naunyn Schmiedebergs Arch Pharmacol. 2000 Nov;362(4-5):364-74. Review."
"Human-mouse genome comparisons to locate regulatory sites.","/pubmed/11017083","Wasserman WW, Palumbo M, Thompson W, Fickett JW, Lawrence CE.","Nat Genet. 2000 Oct;26(2):225-8."
"Discovery and modeling of transcriptional regulatory regions.","/pubmed/10679343","Fickett JW, Wasserman WW.","Curr Opin Biotechnol. 2000 Feb;11(1):19-24. Review."
"The murine Bin1 gene functions early in myogenesis and defines a new region of synteny between mouse chromosome 18 and human chromosome 2.","/pubmed/10036185","Mao NC, Steingrimsson E, DuHadaway J, Wasserman W, Ruiz JC, Copeland NG, Jenkins NA, Prendergast GC.","Genomics. 1999 Feb 15;56(1):51-8."
"Organization of the ABCR gene: analysis of promoter and splice junction sequences.","/pubmed/9666097","Allikmets R, Wasserman WW, Hutchinson A, Smallwood P, Nathans J, Rogan PK, Schneider TD, Dean M.","Gene. 1998 Jul 17;215(1):111-22."
"Identification of regulatory regions which confer muscle-specific gene expression.","/pubmed/9571041","Wasserman WW, Fickett JW.","J Mol Biol. 1998 Apr 24;278(1):167-81."
"Molecular cloning of a novel mouse gene with predominant muscle and neural expression.","/pubmed/9530622","Geisler JG, Stubbs LJ, Wasserman WW, Mucenski ML.","Mamm Genome. 1998 Apr;9(4):274-82."
"CBP/cycA, a CCAAT-binding protein necessary for adhesion-dependent cyclin A transcription, consists of NF-Y and a novel Mr 115,000 subunit.","/pubmed/9371512","Krämer A, Carstens CP, Wasserman WW, Fahl WE.","Cancer Res. 1997 Nov 15;57(22):5117-21."
"Comprehensive analysis of proteins which interact with the antioxidant responsive element: correlation of ARE-BP-1 with the chemoprotective induction response.","/pubmed/9264553","Wasserman WW, Fahl WE.","Arch Biochem Biophys. 1997 Aug 15;344(2):387-96."
"Functional antioxidant responsive elements.","/pubmed/9144242","Wasserman WW, Fahl WE.","Proc Natl Acad Sci U S A. 1997 May 13;94(10):5361-6."
